"Txhash","Blockno","UnixTimestamp","DateTime","From","To","Token_ID","Method"Txhash,"Blockno","UnixTimestamp","DateTime","From","To","Token_ID","Method"
"0x3562f4511db485498542899b3541df6a5b04a0c3b3b0dd31404598e902e03881","27389442","1650518117","2022-04-21 05:15:17","0xd2b453d1f3cc21b68ba174011a783fec2f82a078","0x653ed919c2f4e7e550744d07d06630cd10c1bf0f","3215", "Safe Transfer From"
"0x27105e27fe868d2da241af4e09dc6e84a1fb5677fb898c9e795660fedffa4232","27389453","1650518139","2022-04-21 05:15:39","0xd2b453d1f3cc21b68ba174011a783fec2f82a078","0x653ed919c2f4e7e550744d07d06630cd10c1bf0f","3216", "Safe Transfer From"
"0x47036c3156f6cc15b08843595fe7a6d3ace732571bea386d9cd3040f7e1f1e18","27389459","1650518151","2022-04-21 05:15:51","0xd2b453d1f3cc21b68ba174011a783fec2f82a078","0x653ed919c2f4e7e550744d07d06630cd10c1bf0f","3217", "Safe Transfer From"
"0x8fbd0720cd7de9b0f474d1be60eab659112a2f6c753e52a75421859d9f1505ff","27389468","1650518169","2022-04-21 05:16:09","0xd2b453d1f3cc21b68ba174011a783fec2f82a078","0x653ed919c2f4e7e550744d07d06630cd10c1bf0f","3218", "Safe Transfer From"
"0xf9a596c3663c956de4dc9a66c707a66bcd6770cf00293fbcb80a1ad07f31b8e7","27389479","1650518191","2022-04-21 05:16:31","0xd2b453d1f3cc21b68ba174011a783fec2f82a078","0x653ed919c2f4e7e550744d07d06630cd10c1bf0f","3219", "Safe Transfer From"
"0xdb83ba19982fc70f1ef9abf98e4fc470dbb728dfcc5d7efde0e41f6027be004c","27389486","1650518205","2022-04-21 05:16:45","0xd2b453d1f3cc21b68ba174011a783fec2f82a078","0x653ed919c2f4e7e550744d07d06630cd10c1bf0f","3220", "Safe Transfer From"
"0x48c0e2a5da4cfa02031945bf8c3745b6baf6fb22bac5be1f3d0a591ea8dc4dd3","27389494","1650518221","2022-04-21 05:17:01","0xd2b453d1f3cc21b68ba174011a783fec2f82a078","0x653ed919c2f4e7e550744d07d06630cd10c1bf0f","3221", "Safe Transfer From"
"0xa7ff342b6ca0fe8ce4e841b09438ded0f332179971b77feab7ed3728b936e9e2","27389505","1650518247","2022-04-21 05:17:27","0xd2b453d1f3cc21b68ba174011a783fec2f82a078","0x653ed919c2f4e7e550744d07d06630cd10c1bf0f","3222", "Safe Transfer From"
"0x9bb484ad96c2b8d65483e57433550d03753ab796d5c934827b63b8dacd17a363","27389514","1650518265","2022-04-21 05:17:45","0xd2b453d1f3cc21b68ba174011a783fec2f82a078","0x653ed919c2f4e7e550744d07d06630cd10c1bf0f","3223", "Safe Transfer From"
"0x32adaeafa9027a03af561e0ada6c3a902a221a0cae31e45722f11c86bc5db2b5","27389521","1650518279","2022-04-21 05:17:59","0xd2b453d1f3cc21b68ba174011a783fec2f82a078","0x653ed919c2f4e7e550744d07d06630cd10c1bf0f","3224", "Safe Transfer From"
"0xd9bc9207563a6d3a2d2277f597d4523bcc1c7c0e1d040d71bbc923d2f014a43a","27389532","1650518301","2022-04-21 05:18:21","0xd2b453d1f3cc21b68ba174011a783fec2f82a078","0x653ed919c2f4e7e550744d07d06630cd10c1bf0f","3225", "Safe Transfer From"
"0xbcd88336827e6a04593ee1bc1ed5400782ae28b280018bfe9f62b37a11269abb","27389540","1650518317","2022-04-21 05:18:37","0xd2b453d1f3cc21b68ba174011a783fec2f82a078","0x653ed919c2f4e7e550744d07d06630cd10c1bf0f","3226", "Safe Transfer From"
"0x15625eafe15318b5ef33626c74f55571ace8d6943e189cea2439a0d097f7115d","27389549","1650518335","2022-04-21 05:18:55","0xd2b453d1f3cc21b68ba174011a783fec2f82a078","0x653ed919c2f4e7e550744d07d06630cd10c1bf0f","3227", "Safe Transfer From"
"0x124de536a3fabcf659fe1e125ee3846cf0c400c528ac8e61ea6ce353d122e118","27389558","1650518353","2022-04-21 05:19:13","0xd2b453d1f3cc21b68ba174011a783fec2f82a078","0x653ed919c2f4e7e550744d07d06630cd10c1bf0f","3228", "Safe Transfer From"
"0x0afc54c3a2b54a13a5ba8a64f63744a10c25109e54d05a1d1a961dc362c81273","27389565","1650518367","2022-04-21 05:19:27","0xd2b453d1f3cc21b68ba174011a783fec2f82a078","0x653ed919c2f4e7e550744d07d06630cd10c1bf0f","3229", "Safe Transfer From"
"0x22dffe576b7099eff989df6ad90f7b2326641d342ed74c2851b3dc320430ca11","27389574","1650518391","2022-04-21 05:19:51","0xd2b453d1f3cc21b68ba174011a783fec2f82a078","0x653ed919c2f4e7e550744d07d06630cd10c1bf0f","3230", "Safe Transfer From"
"0x91c890e72cc05213399ea6d6d8c5477fabe60738e433e568893ee7a1a26ad46b","27389577","1650518397","2022-04-21 05:19:57","0xd2b453d1f3cc21b68ba174011a783fec2f82a078","0x653ed919c2f4e7e550744d07d06630cd10c1bf0f","3231", "Safe Transfer From"
"0xf1bad0ac6fa6ed565ed2c27bd6102f18101eaeae3c38ed2dce693515ed90f64a","27389594","1650518434","2022-04-21 05:20:34","0xd2b453d1f3cc21b68ba174011a783fec2f82a078","0x653ed919c2f4e7e550744d07d06630cd10c1bf0f","3232", "Safe Transfer From"
