"Txhash","Blockno","UnixTimestamp","DateTime","From","To","Token_ID","Method"
"0xcb72fabfeb494736761c33f8ac05918a1818221c1fd5c46c208f09d51d56fae8","27389253","1650517727","2022-04-21 05:08:47","0xd2b453d1f3cc21b68ba174011a783fec2f82a078","0x6015cd342826e52fc8650fbb1b351d8d5e44c88b","26", "Safe Transfer From"
"0x97cbfffc2fc197be6aaab84ac19be03e5dab1a1a76e1433dc2bdbda7a1149564","27389269","1650517759","2022-04-21 05:09:19","0xd2b453d1f3cc21b68ba174011a783fec2f82a078","0x6015cd342826e52fc8650fbb1b351d8d5e44c88b","27", "Safe Transfer From"
"0x2e9c23bd7c65d37f24ef5381f75a91885aee1006e7edc171be71ff00744941bb","27389279","1650517779","2022-04-21 05:09:39","0xd2b453d1f3cc21b68ba174011a783fec2f82a078","0x6015cd342826e52fc8650fbb1b351d8d5e44c88b","401", "Safe Transfer From"
"0xc70c08772dd5109f451c50458c7e6248d3e67f400bc7f7a1b1855b1b30d60a3b","27389286","1650517793","2022-04-21 05:09:53","0xd2b453d1f3cc21b68ba174011a783fec2f82a078","0x6015cd342826e52fc8650fbb1b351d8d5e44c88b","402", "Safe Transfer From"
"0x539d9c3969f01655fd684f73462489a057961c2c3a12827b9b04c9bfa2fd654d","27389296","1650517813","2022-04-21 05:10:13","0xd2b453d1f3cc21b68ba174011a783fec2f82a078","0x6015cd342826e52fc8650fbb1b351d8d5e44c88b","403", "Safe Transfer From"
"0xd906e94cf88a6dbc534e064dc34cfbe83626c4aff9b05353aedec1c8d3c9b768","27389333","1650517891","2022-04-21 05:11:31","0xd2b453d1f3cc21b68ba174011a783fec2f82a078","0x6015cd342826e52fc8650fbb1b351d8d5e44c88b","404", "Safe Transfer From"
"0x1a1049db2329f7d3e1ade70e1af624e0535c785d66201d7013271b52e5f77590","27389345","1650517915","2022-04-21 05:11:55","0xd2b453d1f3cc21b68ba174011a783fec2f82a078","0x6015cd342826e52fc8650fbb1b351d8d5e44c88b","1161", "Safe Transfer From"
"0x52f0ebe0a565ef08b53b9d27a1bb4b74a854a43b90d96a9e9e21f11c91f4029d","27389357","1650517939","2022-04-21 05:12:19","0xd2b453d1f3cc21b68ba174011a783fec2f82a078","0x6015cd342826e52fc8650fbb1b351d8d5e44c88b","1162", "Safe Transfer From"
"0xc02c136678778c4f01168617e1928e22c1e26f5ffcea8812b73b6f92d4ce345a","27389366","1650517957","2022-04-21 05:12:37","0xd2b453d1f3cc21b68ba174011a783fec2f82a078","0x6015cd342826e52fc8650fbb1b351d8d5e44c88b","1163", "Safe Transfer From"
"0xf9c22a2ee52de76a12fb2fdca7b8455133490f57bc2e08fee8f3f9b34291d0ba","27389378","1650517985","2022-04-21 05:13:05","0xd2b453d1f3cc21b68ba174011a783fec2f82a078","0x6015cd342826e52fc8650fbb1b351d8d5e44c88b","1164", "Safe Transfer From"
"0xd202943b02648347c1d5f9fb410967d500f6b35f4dd35d66e3a7132d63e63728","27389382","1650517993","2022-04-21 05:13:13","0xd2b453d1f3cc21b68ba174011a783fec2f82a078","0x6015cd342826e52fc8650fbb1b351d8d5e44c88b","1165", "Safe Transfer From"
"0x5259c93198d858942a018d46b46b9afdae0c65eadcf792c0fcb85e74ca0e37a8","27389390","1650518009","2022-04-21 05:13:29","0xd2b453d1f3cc21b68ba174011a783fec2f82a078","0x6015cd342826e52fc8650fbb1b351d8d5e44c88b","1166", "Safe Transfer From"
"0x6a3ccec91a000f7c9493252f8a3733c23d048d8f155112ad5a22e28685668bec","27389397","1650518023","2022-04-21 05:13:43","0xd2b453d1f3cc21b68ba174011a783fec2f82a078","0x6015cd342826e52fc8650fbb1b351d8d5e44c88b","1167", "Safe Transfer From"
"0xca7dd819e41acf33d403b0538201ab40e41c0395807631880ae5d2655d903c84","27389404","1650518037","2022-04-21 05:13:57","0xd2b453d1f3cc21b68ba174011a783fec2f82a078","0x6015cd342826e52fc8650fbb1b351d8d5e44c88b","1168", "Safe Transfer From"
